year,rate
2015,0.0866462793068
2014,0.107291666667
2013,0.10989010989
2012,0
